{
  "lr_pois": 0.6880000000000001,
  "mu": 0.014400000000000001
}