{
  "lr_pois": 0.5690000000000001,
  "mu": 0.056600000000000004
}