{
  "lr_pois": 0.6930000000000001,
  "mu": 0.20670000000000002
}