{
  "lr_pois": 0.7020000000000001,
  "mu": 0.034800000000000005
}