{
  "lr_pois": 0.8260000000000001,
  "mu": 0.0055000000000000005
}