{
  "lr_pois": 0.23600000000000002,
  "mu": 0.040100000000000004
}